{
    "type": "HelpPanel", "name": "HelpPanel",
    "fields": {
        "priority": 300,
        "fitToParent": true,
        "childFormats": [

			
        ],
    },
    "children": [
        {
            "type": "RectangleWidget", "name": "TransparentBG",
            "fields": {
                "fitToScreen": true,
                "color": [ 0.0, 0.0, 0.0, 0.0 ]
            },
            "children": [
                {
                    "type": "ClickCatcherWidget", "name": "catcher",
                    "fields": {
                        "fitToParent": true
                    }
                },  
            ]
        },
        {
            "type": "Widget", "name": "CenterSection",
            "fields": {
                "anchor": { "x": 0.5, "y": 0.0 },
                "rect": { "x": -1920, "y": 0 },
            },
            "children": [

                // Text

				{
                    "type": "ImageWidget", "name": "helptool",
                    "fields": {
                        "rect": { "x": 0, "y": 0, "scale":1.0},
                        "filename": "PANEL/helpMaster",
                    }
                },

				{
                    "type": "TextBoxWidget", "name": "HelpHealth", //열심히 만든놈
                    "fields": {
                        "rect": { "x": 0, "y": 0 },
                        "text": "@StrHelp9",
                        "fontType": "12ptF",
                        "style": {
                            "fontColor": "$FontColorGoldYellow",
                            "pointSize": "$MediumLargeFontSize",
                            "alignment": { "h": "left" }
                        }
                    }
                },
				{ "type": "ButtonWidget", "fields": { "rect": { "x": 629, "y": 325 }, "tooltipString": "@helpRunewordAncientsPledge", "filename": "PANEL/btn_socket_03", } },
				{ "type": "ButtonWidget", "fields": { "rect": { "x": 629, "y": 371 }, "tooltipString": "@helpRunewordSpiritShield", "filename": "PANEL/btn_socket_04", } },
				{ "type": "ButtonWidget", "fields": { "rect": { "x": 629, "y": 417 }, "tooltipString": "@helpRunewordRhyme", "filename": "PANEL/btn_socket_02", } },
				{ "type": "ButtonWidget", "fields": { "rect": { "x": 629, "y": 463 }, "tooltipString": "@helpRunewordSanctuaty", "filename": "PANEL/btn_socket_03", } },
				{ "type": "ButtonWidget", "fields": { "rect": { "x": 629, "y": 509 }, "tooltipString": "@helpRunewordExile", "filename": "PANEL/btn_socket_04", } },
				{ "type": "ButtonWidget", "fields": { "rect": { "x": 629, "y": 555 }, "tooltipString": "@helpRunewordPhoenixShield", "filename": "PANEL/btn_socket_04", } },
				
				{ "type": "ButtonWidget", "fields": { "rect": { "x": 629, "y": 739 }, "tooltipString": "@helpRunewordLore", "filename": "PANEL/btn_socket_02", } },
				{ "type": "ButtonWidget", "fields": { "rect": { "x": 629, "y": 785 }, "tooltipString": "@helpRunewordDreamHelm", "filename": "PANEL/btn_socket_03", } },

				{ "type": "ButtonWidget", "fields": { "rect": { "x": 1860, "y": 325 }, "tooltipString": "@helpRunewordEdge", "filename": "PANEL/btn_socket_03", } },
				{ "type": "ButtonWidget", "fields": { "rect": { "x": 1860, "y": 371 }, "tooltipString": "@helpRunewordHarmony", "filename": "PANEL/btn_socket_04", } },
				{ "type": "ButtonWidget", "fields": { "rect": { "x": 1860, "y": 417 }, "tooltipString": "@helpRunewordFaith", "filename": "PANEL/btn_socket_04", } },
				{ "type": "ButtonWidget", "fields": { "rect": { "x": 1860, "y": 463 }, "tooltipString": "@helpRunewordLeaf", "filename": "PANEL/btn_socket_02", } },
				{ "type": "ButtonWidget", "fields": { "rect": { "x": 1860, "y": 509 }, "tooltipString": "@helpRunewordWhite", "filename": "PANEL/btn_socket_02", } },
				{ "type": "ButtonWidget", "fields": { "rect": { "x": 1860, "y": 555 }, "tooltipString": "@helpRunewordHeartoftheOak", "filename": "PANEL/btn_socket_04", } },
				{ "type": "ButtonWidget", "fields": { "rect": { "x": 1860, "y": 601 }, "tooltipString": "@helpRunewordInsight", "filename": "PANEL/btn_socket_04", } },
				{ "type": "ButtonWidget", "fields": { "rect": { "x": 1860, "y": 647 }, "tooltipString": "@helpRunewordObedience", "filename": "PANEL/btn_socket_05", } },
				{ "type": "ButtonWidget", "fields": { "rect": { "x": 1860, "y": 693 }, "tooltipString": "@helpRunewordInfinity", "filename": "PANEL/btn_socket_04", } },
				{ "type": "ButtonWidget", "fields": { "rect": { "x": 1860, "y": 739 }, "tooltipString": "@helpRunewordDestruction", "filename": "PANEL/btn_socket_05", } },
				{ "type": "ButtonWidget", "fields": { "rect": { "x": 1860, "y": 785 }, "tooltipString": "@helpRunewordPride", "filename": "PANEL/btn_socket_04", } },

				{ "type": "ButtonWidget", "fields": { "rect": { "x": 1860, "y": 940 }, "tooltipString": "@helpRunewordSteel", "filename": "PANEL/btn_socket_02", } },
				{ "type": "ButtonWidget", "fields": { "rect": { "x": 1860, "y": 986 }, "tooltipString": "@helpRunewordSplitSword", "filename": "PANEL/btn_socket_04", } },
				{ "type": "ButtonWidget", "fields": { "rect": { "x": 1860, "y": 1032 }, "tooltipString": "@helpRunewordCrescentMoon", "filename": "PANEL/btn_socket_03", } },
				{ "type": "ButtonWidget", "fields": { "rect": { "x": 1860, "y": 1078 }, "tooltipString": "@helpRunewordOath", "filename": "PANEL/btn_socket_04", } },
				{ "type": "ButtonWidget", "fields": { "rect": { "x": 1860, "y": 1124 }, "tooltipString": "@helpRunewordKingslayer", "filename": "PANEL/btn_socket_04", } },
				{ "type": "ButtonWidget", "fields": { "rect": { "x": 1860, "y": 1170 }, "tooltipString": "@helpRunewordDeath", "filename": "PANEL/btn_socket_05", } },
				{ "type": "ButtonWidget", "fields": { "rect": { "x": 1860, "y": 1216 }, "tooltipString": "@helpRunewordCalltoArms", "filename": "PANEL/btn_socket_05", } },
				{ "type": "ButtonWidget", "fields": { "rect": { "x": 1860, "y": 1262 }, "tooltipString": "@helpRunewordGrief", "filename": "PANEL/btn_socket_05", } },
				{ "type": "ButtonWidget", "fields": { "rect": { "x": 1860, "y": 1308 }, "tooltipString": "@helpRunewordLastWish", "filename": "PANEL/btn_socket_06", } },
				{ "type": "ButtonWidget", "fields": { "rect": { "x": 1860, "y": 1354 }, "tooltipString": "@helpRunewordDoom", "filename": "PANEL/btn_socket_05", } },
				{ "type": "ButtonWidget", "fields": { "rect": { "x": 1860, "y": 1400 }, "tooltipString": "@helpRunewordBreathoftheDying", "filename": "PANEL/btn_socket_06", } },

				{ "type": "ButtonWidget", "fields": { "rect": { "x": 3091, "y": 325 }, "tooltipString": "@helpRunewordStealth", "filename": "PANEL/btn_socket_02", } },
				{ "type": "ButtonWidget", "fields": { "rect": { "x": 3091, "y": 371 }, "tooltipString": "@helpRunewordSmoke", "filename": "PANEL/btn_socket_02", } },
				{ "type": "ButtonWidget", "fields": { "rect": { "x": 3091, "y": 417 }, "tooltipString": "@helpRunewordTreachery", "filename": "PANEL/btn_socket_03", } },
				{ "type": "ButtonWidget", "fields": { "rect": { "x": 3091, "y": 463 }, "tooltipString": "@helpRunewordDuress", "filename": "PANEL/btn_socket_03", } },
				{ "type": "ButtonWidget", "fields": { "rect": { "x": 3091, "y": 509 }, "tooltipString": "@helpRunewordStone", "filename": "PANEL/btn_socket_04", } },
				{ "type": "ButtonWidget", "fields": { "rect": { "x": 3091, "y": 555 }, "tooltipString": "@helpRunewordGloom", "filename": "PANEL/btn_socket_03", } },
				{ "type": "ButtonWidget", "fields": { "rect": { "x": 3091, "y": 601 }, "tooltipString": "@helpRunewordPrudence", "filename": "PANEL/btn_socket_02", } },
				{ "type": "ButtonWidget", "fields": { "rect": { "x": 3091, "y": 647 }, "tooltipString": "@helpRunewordFortitude", "filename": "PANEL/btn_socket_04", } },
				{ "type": "ButtonWidget", "fields": { "rect": { "x": 3091, "y": 693 }, "tooltipString": "@helpRunewordChainsofHonor", "filename": "PANEL/btn_socket_04", } },
				{ "type": "ButtonWidget", "fields": { "rect": { "x": 3091, "y": 739 }, "tooltipString": "@helpRunewordEnigma", "filename": "PANEL/btn_socket_03", } },



				{
					"type": "ButtonWidget", "name": "hudStr2", //rune
					"fields": {
						"rect": { "x": 1336, "y": 1750 },
						"tooltipString": "@hudpanelStr2",
						"filename": "PANEL/seonhee_hud2",
					}
				},
				{
					"type": "ButtonWidget", "name": "hudStr10", //jewel
					"fields": {
						"rect": { "x": 1472, "y": 1750 },
						"tooltipString": "@hudpanelStr10",
						"filename": "PANEL/seonhee_hud10",
					}
				},
				{
					"type": "ButtonWidget", "name": "hudStr3",
					"fields": {
						"rect": { "x": 1608, "y": 1750 },
						"tooltipString": "@hudpanelStr3",
						"filename": "PANEL/seonhee_hud3",
					}
				},
				{
					"type": "ButtonWidget", "name": "hudStr4",
					"fields": {
						"rect": { "x": 1744, "y": 1750 },
						"tooltipString": "@hudpanelStr4",
						"filename": "PANEL/seonhee_hud4",
					}
				},
				{
					"type": "ButtonWidget", "name": "hudStr5",
					"fields": {
						"rect": { "x": 1880, "y": 1750 },
						"tooltipString": "@hudpanelStr5",
						"filename": "PANEL/seonhee_hud5",
					}
				},
				{
					"type": "ButtonWidget", "name": "hudStr6",
					"fields": {
						"rect": { "x": 2016, "y": 1750 },
						"tooltipString": "@hudpanelStr6",
						"filename": "PANEL/seonhee_hud6",
					}
				},
				{
					"type": "ButtonWidget", "name": "hudStr7",
					"fields": {
						"rect": { "x": 2152, "y": 1750 },
						"tooltipString": "@hudpanelStr7",
						"filename": "PANEL/seonhee_hud7",
					}
				},
				{
					"type": "ButtonWidget", "name": "hudStr8",
					"fields": {
						"rect": { "x": 2288, "y": 1750 },
						"tooltipString": "@hudpanelStr8",
						"filename": "PANEL/seonhee_hud8",
					}
				},
				{
					"type": "ButtonWidget", "name": "hudStr9",
					"fields": {
						"rect": { "x": 2424, "y": 1750 },
						"tooltipString": "@hudpanelStr9",
						"filename": "PANEL/seonhee_hud9",
					}
				},
                // Indicator lines

				{
					"type": "ButtonWidget", "name": "hudpal", 
					"fields": {
						"rect": { "x": 1320, "y": 1560 },
						"tooltipString": "@hudhelpCharaPal",
						"filename": "PANEL/btn-chara-pal",
					}
				},
				{
					"type": "ButtonWidget", "name": "hudama", 
					"fields": {
						"rect": { "x": 1474, "y": 1560 },
						"tooltipString": "@hudhelpCharaAma",
						"filename": "PANEL/btn-chara-ama",
					}
				},
				{
					"type": "ButtonWidget", "name": "hudbaba", 
					"fields": {
						"rect": { "x": 1628, "y": 1560 },
						"tooltipString": "@hudhelpCharaBaba",
						"filename": "PANEL/btn-chara-baba",
					}
				},
				{
					"type": "ButtonWidget", "name": "hudsoso", //soso
					"fields": {
						"rect": { "x": 1782, "y": 1560 },
						"tooltipString": "@hudhelpCharaSorc",
						"filename": "PANEL/btn-chara-sor",
					}
				},
				{
					"type": "ButtonWidget", "name": "hudnec", 
					"fields": {
						"rect": { "x": 1936, "y": 1560 },
						"tooltipString": "@hudhelpCharaNec",
						"filename": "PANEL/btn-chara-nec",
					}
				},
				{
					"type": "ButtonWidget", "name": "hudassa", 
					"fields": {
						"rect": { "x": 2090, "y": 1560 },
						"tooltipString": "@hudhelpCharaAssa",
						"filename": "PANEL/btn-chara-assa",
					}
				},
				{
					"type": "ButtonWidget", "name": "huddru", 
					"fields": {
						"rect": { "x": 2244, "y": 1560 },
						"tooltipString": "@hudhelpCharaDru",
						"filename": "PANEL/btn-chara-dru",
					}
				},
				{
					"type": "ButtonWidget", "name": "huddru2", 
					"fields": {
						"rect": { "x": 2398, "y": 1560 },
						"tooltipString": "@hudhelpCharaDru2",
						"filename": "PANEL/btn-chara-dru2",
					}
				},

            ]
        },
        // Right Anchored Panel
        {
            "type": "Widget", "name": "RightSection",
            "fields": {
                "anchor": { "x": 1.0, "y": 1.0 },
                "rect": { "x": -230, "y": -2000 },
            },
            "children": [
                {
                    "type": "ButtonWidget", "name": "Close",
                    "fields": {
                        "rect": { "x": 95, "y": -100 },
                        "tooltipString": "@strClose",
                        "sound": "cursor_close_window_hd",
                        "onClickMessage": "PanelManager:ClosePanel:HelpPanel",
                        "filename": "PANEL/closebtn_4x",
                    }
                },
                // Warnings
                {
                    "type": "TextBoxWidget", "name": "HostileLabel",
                    "fields": {
                        "rect": { "x": -30, "y": -90 },
                        "text": "@StrHDHelpHostileStatus",
                        "fontType": "12ptF",
                        "style": {
                            "fontColor": "$FontColorGoldYellow",
                            "pointSize": "$MediumLargeFontSize",
                            "alignment": { "v": "left", "h": "center" }
                        }
                    }
                },

            ]
        },
        // Left Anchored Panel
        {
            "type": "Widget", "name": "LeftSection",
            "fields": {
                "anchor": { "x": 0, "y": 0 },
                "rect": { "x": 250, "y": 250 },
            },
            "children": [
                // Ally Display
 
            ]
        },
    ]
}
