{
    "basedOn": "Controller/PlayerInventoryOriginalLayoutHD.json",
    "type": "PlayerInventoryPanel", "name": "PlayerInventoryExpansionLayout",
    "fields": {
        "activeWeaponSwapFontColor": "$FontColorVeryLightGray", // TODO: Change to color preset when all controller art is in
        "inactiveWeaponSwapFontColor": "$FontColorDarkGrayBlue", // TODO: Change to color preset when all controller art is in
    },
    "children": [
        {
            "type": "ClickCatcherWidget", "name": "click_catcher",
        },
        {
            "type": "ImageWidget", "name": "background",
            "fields": {
                "filename": "Controller/Panel/InventoryPanel/V2/InventoryBG",
            },
        },
        {
            "type": "ImageWidget", "name": "background_right_arm_selected",
            "fields": {
                "rect": { "x": 215, "y": 134 },
                "filename": "Controller/Panel/InventoryPanel/V2/WeaponSwap",
                "frame": 1,
            },
        },
        {
            "type": "ImageWidget", "name": "background_left_arm_selected",
            "fields": {
                "rect": { "x": 985, "y": 134 },
                "filename": "Controller/Panel/InventoryPanel/V2/WeaponSwap",
                "frame": 1,
            },
        },
        {
            "type": "ImageWidget", "name": "background_right_arm",
            "fields": {
                "rect": { "x": 215, "y": 134 },
                "filename": "Controller/Panel/InventoryPanel/V2/WeaponSwap",
                "frame": 0,
            },
        },
        {
            "type": "ImageWidget", "name": "background_left_arm",
            "fields": {
                "rect": { "x": 985, "y": 134 },
                "filename": "Controller/Panel/InventoryPanel/V2/WeaponSwap",
                "frame": 0,
            },
        },
        {
            "type": "TextBoxWidget", "name": "text_i_left",
            "fields": {
                "rect": { "x": 227, "y": 131, "width": 84, "height": 48 },
                "text": "I",
                "style": "$StyleWeaponSwapTabs",
            },
        },
        {
            "type": "TextBoxWidget", "name": "text_ii_left",
            "fields": {
                "rect": { "x": 332, "y": 131, "width": 84, "height": 48 },
                "text": "II",
                "style": "$StyleWeaponSwapTabs",
            },
        },
        {
            "type": "TextBoxWidget", "name": "text_i_right",
            "fields": {
                "rect": { "x": 998, "y": 131, "width": 84, "height": 48 },
                "text": "I",
                "style": "$StyleWeaponSwapTabs",
            },
        },
        {
            "type": "TextBoxWidget", "name": "text_ii_right",
            "fields": {
                "rect": { "x": 1104, "y": 131, "width": 84, "height": 48 },
                "text": "II",
                "style": "$StyleWeaponSwapTabs",
            },
        },
        {
            "type": "TextBoxWidget", "name": "gold_amount",
        },
        {
            "type": "ButtonWidget", "name": "gold_button",
        },
        {
            "type": "InventoryGridWidget", "name": "grid",
        },
        {
            "type": "InventorySlotWidget", "name": "slot_head",
        },
        {
            "type": "InventorySlotWidget", "name": "slot_neck",
        },
        {
            "type": "InventorySlotWidget", "name": "slot_torso",
        },
        {
            "type": "InventorySlotWidget", "name": "slot_right_arm",
        },
        {
            "type": "InventorySlotWidget", "name": "slot_left_arm",
        },
        {
            "type": "InventorySlotWidget", "name": "slot_right_hand",
        },
        {
            "type": "InventorySlotWidget", "name": "slot_left_hand",
        },
        {
            "type": "InventorySlotWidget", "name": "slot_belt",
        },
        {
            "type": "InventorySlotWidget", "name": "slot_feet",
        },
        {
            "type": "InventorySlotWidget", "name": "slot_gloves",
        },
        {
            "type": "BeltWidget", "name": "Belt",
            "children": [
                {
                    "type": "TextBoxWidget", "name": "HotkeyLabelTemplate",
                },
            ]
        },
        {
            "type": "ButtonLegendWidget", "name": "WeaponSwapRightLegend",
            "fields": {
                "rect": { "x": 220, "y": 69, "width": 197, "height": 48 },
                "text": { "style": "$StyleButtonLegend" },
                "presets": [
                    {
                        "action": "option4",
                    },
                ],
            },
        },
        {
            "type": "ButtonLegendWidget", "name": "WeaponSwapLeftLegend",
            "fields": {
                "rect": { "x": 996, "y": 69, "width": 197, "height": 48 },
                "text": { "style": "$StyleButtonLegend" },
                "presets": [
                    {
                        "action": "option4",
                    },
                ],
            },
        },
		{
			"type": "ButtonWidget", "name": "hudStr2", //rune
			"fields": {
				"rect": { "x": 1200, "y": 500 },
				"tooltipString": "@hudpanelStr2",
				"filename": "PANEL/seonhee_hud2",
			}
		},
		{
			"type": "ButtonWidget", "name": "hudStr10", //jewel
			"fields": {
				"rect": { "x": 1200, "y": 600 },
				"tooltipString": "@hudpanelStr10",
				"filename": "PANEL/seonhee_hud10",
			}
		},
		{
			"type": "ButtonWidget", "name": "hudStr3",
			"fields": {
				"rect": { "x": 1200, "y": 700 },
				"tooltipString": "@hudpanelStr3",
				"filename": "PANEL/seonhee_hud3",
			}
		},
		{
			"type": "ButtonWidget", "name": "hudStr4",
			"fields": {
				"rect": { "x": 1200, "y": 800 },
				"tooltipString": "@hudpanelStr4",
				"filename": "PANEL/seonhee_hud4",
			}
		},
		{
			"type": "ButtonWidget", "name": "hudStr5",
			"fields": {
				"rect": { "x": 1200, "y": 900 },
				"tooltipString": "@hudpanelStr5",
				"filename": "PANEL/seonhee_hud5",
			}
		},
		{
			"type": "ButtonWidget", "name": "hudStr6",
			"fields": {
				"rect": { "x": 1200, "y": 1000 },
				"tooltipString": "@hudpanelStr6",
				"filename": "PANEL/seonhee_hud6",
			}
		},
		{
			"type": "ButtonWidget", "name": "hudStr7",
			"fields": {
				"rect": { "x": 1200, "y": 1100 },
				"tooltipString": "@hudpanelStr7",
				"filename": "PANEL/seonhee_hud7",
			}
		},
		{
			"type": "ButtonWidget", "name": "hudStr8",
			"fields": {
				"rect": { "x": 1200, "y": 1200 },
				"tooltipString": "@hudpanelStr8",
				"filename": "PANEL/seonhee_hud8",
			}
		},
		{
			"type": "ButtonWidget", "name": "hudStr9",
			"fields": {
				"rect": { "x": 1200, "y": 1300 },
				"tooltipString": "@hudpanelStr9",
				"filename": "PANEL/seonhee_hud9",
			}
		},
    ]
}
